id,variable,value
14313738,AGT160,0.06359
14317404,AGT162,0.07821
14362561,AGT155,0.21406
14321720,AGT161,0.32384
14314713,AGT162,0.07992
14369775,AGT163,0.1069
14353801,AGT153,0.06878
14365883,AGT165,0.08649125
14332650,AGT153,0.07421
